{
  "nodes": {
    "whisper-model#1": {
      "contentWidth": 350,
      "rfNode": {
        "position": {
          "x": 5161.072176006975,
          "y": 1499.5618561271967
        }
      }
    },
    "whisper#1": {
      "contentWidth": 350,
      "rfNode": {
        "position": {
          "x": 6045.051965457275,
          "y": 1177.6215336661912
        }
      }
    },
    "+python#2": {
      "contentWidth": 479.50622646865156,
      "rfNode": {
        "position": {
          "x": 6502.878023508196,
          "y": 934.131045477817
        }
      },
      "sections": {
        "inputs": {
          "collapsed": {
            "segments": {
              "[]": true
            }
          }
        }
      }
    },
    "+python#1": {
      "contentWidth": 557.4776898748083,
      "rfNode": {
        "position": {
          "x": 7673.920820179997,
          "y": 1226.4851284428594
        }
      }
    },
    "whisper_segments_to_srt#2": {
      "contentWidth": 450,
      "rfNode": {
        "position": {
          "x": 8303.968377778934,
          "y": 1226.4851284428594
        }
      }
    },
    "encode-string#1": {
      "rfNode": {
        "position": {
          "x": 8837.791443799608,
          "y": 1226.4851284428594
        }
      }
    },
    "translate-texts-list#1": {
      "contentWidth": 508.0272091228371,
      "rfNode": {
        "position": {
          "x": 7065.536915394766,
          "y": 848.9999999999999
        }
      }
    },
    "+value#1": {
      "contentWidth": 459.9310394165456,
      "rfNode": {
        "position": {
          "x": 4144.85479905606,
          "y": 1264.0606842179925
        }
      }
    },
    "read_media_to_ffmpeg#2": {
      "contentWidth": 350,
      "rfNode": {
        "position": {
          "x": 4695.344000756122,
          "y": 1418.9551673694207
        }
      }
    },
    "audio_video_separation#2": {
      "contentWidth": 350,
      "rfNode": {
        "position": {
          "x": 5161.072176006975,
          "y": 1207.8323535261936
        }
      }
    },
    "save_audio#2": {
      "contentWidth": 350,
      "rfNode": {
        "position": {
          "x": 5618.615327216623,
          "y": 975.0606842179925
        }
      }
    },
    "media_merge#2": {
      "contentWidth": 350,
      "rfNode": {
        "position": {
          "x": 9902.339587316905,
          "y": 1055.982108647635
        }
      }
    },
    "video_preview#1": {
      "contentWidth": 450,
      "rfNode": {
        "position": {
          "x": 4686.035633162319,
          "y": 934.131045477817
        }
      }
    },
    "binary_save_as_file#1": {
      "rfNode": {
        "position": {
          "x": 9377.23331126708,
          "y": 1180.8323535261936
        }
      }
    }
  }
}