{
  "nodes": {
    "whisper-model#1": {
      "contentWidth": 350,
      "rfNode": {
        "position": {
          "x": 691.0721760069746,
          "y": 729.561856127197
        }
      }
    },
    "whisper#1": {
      "contentWidth": 350,
      "rfNode": {
        "position": {
          "x": 1575.0519654572759,
          "y": 407.62153366619145
        }
      }
    },
    "+python#2": {
      "contentWidth": 479.50622646865156,
      "rfNode": {
        "position": {
          "x": 2032.8780235081963,
          "y": 164.1310454778171
        }
      },
      "sections": {
        "inputs": {
          "collapsed": {
            "segments": {
              "[]": true
            }
          }
        }
      }
    },
    "+python#1": {
      "contentWidth": 557.4776898748083,
      "rfNode": {
        "position": {
          "x": 3203.920820179997,
          "y": 456.48512844285943
        }
      }
    },
    "whisper_segments_to_srt#2": {
      "contentWidth": 450,
      "rfNode": {
        "position": {
          "x": 3833.968377778934,
          "y": 456.48512844285943
        }
      }
    },
    "encode-string#1": {
      "rfNode": {
        "position": {
          "x": 4367.791443799609,
          "y": 456.48512844285943
        }
      }
    },
    "translate-texts-list#1": {
      "contentWidth": 508.0272091228371,
      "rfNode": {
        "position": {
          "x": 2595.5369153947663,
          "y": 79
        }
      }
    },
    "+value#1": {
      "contentWidth": 459.9310394165456,
      "rfNode": {
        "position": {
          "x": -325.14520094393964,
          "y": 494.0606842179927
        }
      }
    },
    "read_media_to_ffmpeg#2": {
      "contentWidth": 350,
      "rfNode": {
        "position": {
          "x": 225.34400075612223,
          "y": 648.9551673694208
        }
      }
    },
    "audio_video_separation#2": {
      "contentWidth": 350,
      "rfNode": {
        "position": {
          "x": 691.0721760069746,
          "y": 437.83235352619374
        }
      }
    },
    "save_audio#2": {
      "contentWidth": 350,
      "rfNode": {
        "position": {
          "x": 1148.615327216623,
          "y": 205.06068421799267
        }
      }
    },
    "media_merge#2": {
      "contentWidth": 350,
      "rfNode": {
        "position": {
          "x": 5432.339587316905,
          "y": 285.98210864763496
        }
      }
    },
    "video_preview#1": {
      "contentWidth": 450,
      "rfNode": {
        "position": {
          "x": 216.03563316231896,
          "y": 164.1310454778171
        }
      }
    },
    "binary_save_as_file#1": {
      "rfNode": {
        "position": {
          "x": 4907.23331126708,
          "y": 410.83235352619374
        }
      }
    }
  }
}