{
  "nodes": {
    "read_media_to_ffmpeg#1": {
      "contentWidth": 350,
      "rfNode": {
        "position": {
          "x": 248,
          "y": 268
        }
      }
    },
    "audio_video_separation#1": {
      "contentWidth": 402.41772120102206,
      "rfNode": {
        "position": {
          "x": 671,
          "y": 268
        }
      }
    },
    "save_and_preivew#1": {
      "contentWidth": 350,
      "rfNode": {
        "position": {
          "x": 1148.615327216623,
          "y": 83.54150500768986
        }
      }
    },
    "whisper-model#1": {
      "contentWidth": 350,
      "rfNode": {
        "position": {
          "x": 1148.615327216623,
          "y": 620.6719894523122
        }
      }
    },
    "whisper#1": {
      "contentWidth": 350,
      "rfNode": {
        "position": {
          "x": 1575.0519654572759,
          "y": 407.62153366619145
        }
      }
    },
    "translater#2": {
      "contentWidth": 508.0272091228371,
      "rfNode": {
        "position": {
          "x": 2531.194955676383,
          "y": 407.62153366619145
        }
      }
    },
    "+python#2": {
      "contentWidth": 479.50622646865156,
      "rfNode": {
        "position": {
          "x": 1987.4720748853401,
          "y": 407.62153366619145
        }
      },
      "sections": {
        "inputs": {
          "collapsed": {
            "segments": {
              "[]": true
            }
          }
        }
      }
    }
  }
}