{
  "nodes": {
    "translator#2": {
      "rfNode": {
        "position": {
          "x": 165.05056327146326,
          "y": 187.85966151331385
        }
      }
    }
  }
}